Label,# Samples,Average,Min,Max,Std. Dev.,Error %,Throughput,Received KB/sec,Sent KB/sec,Avg. Bytes
HTTP请求,1000,17665,3972,31506,13119.54,0.000%,31.54077,75.83,5.64,2462.0
TOTAL,1000,17665,3972,31506,13119.54,0.000%,31.54077,75.83,5.64,2462.0
